﻿<?xml version="1.0" encoding="utf-8"?>
<!--This is a quest save file for UoDevPro-->
<!--Created by UODevPro-->
<QuestDesign>
  <QuestTitle name="Why an Evil Unicorn" />
  <QuestDescription name="Hi, I seem to have an issure here...  I've seen a nightmarish sight, unicorns killing things, though I have found something out about these things... They were corrupted by something. Unicorns are not supposed to be evil, they aren't supposed to kill things unless told to do so.  So what I'm looking for is for someone to put at least one of them out of their misery.  They are obviously suffering!" />
  <QuestRefuse name="I guess the greater good won't prevail here." />
  <QuestUncomplete name="You haven't killed one yet? This is important, please please kill one, they are all suffering." />
  <QuestComplete name="Thank you so much, here's a reward for your hard work!" />
  <SlayObjective name="Evil Unicorn" type="EviUnicorn" amount="1" region="" />
  <GoldReward min="3000" max="9000" />
  <MagicItems numtogive="5" numprops="10" minintensity="20" maxintensity="70" />
  <QuestRequirements canrepete="true" doallobjectives="true" delay="true" delaytime="60" />
</QuestDesign>