﻿<?xml version="1.0" encoding="utf-8"?>
<!--This is a quest save file for UoDevPro-->
<!--Created by UODevPro-->
<QuestDesign>
  <QuestTitle name="A bad taste of Kirin" />
  <QuestDescription name="Hello there adventurer.  I have heard of some odd things, but to think there is such a thing as an evil Ki-rin makes my skin crawl.  Could you slay one for me? I'm too weak to do it myself." />
  <QuestRefuse name="Shame, I was hoping I could gain some courage if someone else did it first." />
  <QuestUncomplete name="I take it you haven't done it yet.  Please kill an evil ki-rin for me." />
  <QuestComplete name="Hmm, thank you, here's a reward, I was hoping it'd make my skin stop crawling knowing someone killed one but I guess not." />
  <SlayObjective name="EvilKirin" type="Evil Ki-rin" amount="1" region="" />
  <GoldReward min="6000" max="12000" />
  <MagicItems numtogive="5" numprops="10" minintensity="20" maxintensity="70" />
  <QuestRequirements canrepete="true" doallobjectives="true" delay="true" delaytime="60" />
</QuestDesign>