﻿<?xml version="1.0" encoding="utf-8"?>
<!--This is a quest save file for UoDevPro-->
<!--Created by UODevPro-->
<QuestDesign>
  <QuestTitle name="The Lumberjacker Dilemma" />
  <QuestDescription name="Hello good citizen, I seem to be having a problem recently.  Anytime I go out to help collect wood fro the town, I have an issue with mongbats attacking me.  We've been able to stop them so far, but we're going to need a little help.  Could you help cut down the mongbat population for us?" />
  <QuestRefuse name="Well, killing mongbats isn't for everyone.  If you ever change your mind I'll give you something special for it." />
  <QuestUncomplete name="You still have some mongbats to kill for us.  If you could take care of that, I'll be be able to help you." />
  <QuestComplete name="Thank you so much citizen  for helping us kill those darned mongbats.  Here's something for your troubles." />
  <SlayObjective name="Mongbat" type="Mongbat" amount="20" region="" />
  <GoldReward min="1000" max="2000" />
  <LootItem itemtype="TheVoidCoin" args="" chance="1" />
  <QuestRequirements canrepete="true" doallobjectives="true" delay="true" delaytime="60" />
</QuestDesign>