﻿<?xml version="1.0" encoding="utf-8"?>
<!--This is a quest save file for UoDevPro-->
<!--Created by UODevPro-->
<QuestDesign>
  <QuestTitle name="Why is there poison in my forests" />
  <QuestDescription name="By golly I'm having a huge issue.  It seems like we have scorpions not only in the tundra now, but in the forests too! This will do no good, no good at all!  I need those pests gone, and the sooner they are gone, the better! Could you help me and get rid of a few of those dastardly things?" />
  <QuestRefuse name="Ugh, I'm going to need to find a different person to be the pest killer than." />
  <QuestUncomplete name="You haven't killed them yet? Please get rid of those darned things! I don't like them one bit!" />
  <QuestComplete name="Here you go! Thank you for getting rid of those things!" />
  <SlayObjective name="Forest scorpions" type="forestscorpion" amount="20" region="" />
  <GoldReward min="2000" max="7000" />
  <MagicItems numtogive="3" numprops="8" minintensity="20" maxintensity="70" />
  <QuestRequirements canrepete="true" doallobjectives="true" delay="true" delaytime="60" />
</QuestDesign>