﻿<?xml version="1.0" encoding="utf-8"?>
<!--This is a quest save file for UoDevPro-->
<!--Created by UODevPro-->
<QuestDesign>
  <QuestTitle name="The Horror of Abysmal Size" />
  <QuestDescription name="Those things... Those things I have nightmares about.  They killed my daughter... and now they have killed my wife.  I want revenge but I am such a weak man...  Please, if you could kill those THINGs for me...  I think they are called Abysmal Horrors.  Please, destroy them for me!" />
  <QuestRefuse name="I... I guess I will need to become stronger to kill them myself." />
  <QuestUncomplete name="I see you haven't killed enough.  Please, get rid of those things for me." />
  <QuestComplete name="Thank you, I can now finally rest in peace." />
  <SlayObjective name="Abysmal Horror" type="AbysmalHorror" amount="10" region="" />
  <GoldReward min="500" max="10000" />
  <MagicItems numtogive="3" numprops="6" minintensity="20" maxintensity="70" />
  <QuestRequirements canrepete="true" doallobjectives="true" delay="true" delaytime="120" />
</QuestDesign>