﻿<?xml version="1.0" encoding="utf-8"?>
<!--This is a quest save file for UoDevPro-->
<!--Created by UODevPro-->
<QuestDesign>
  <QuestTitle name="Fabled Chicken" />
  <QuestDescription name="Hi, I have a request for you... Could you go and kill this weird looking chicken for me?  It's purple...  And it's a mean little thing.  You might want to take some friends with you to make sure you don't get killed by this thing.  Legend has it, the purple chicken is the spawn of a demon...  Some say it's the offspring of a dragon.  Frankly, I just want to see if it can be killed!" />
  <QuestRefuse name="I guess you aren't a legend.  Hope you have a good day sir." />
  <QuestUncomplete name="Have you killed the purple chicken yet?" />
  <QuestComplete name="Oh wow, you killed a purple chicken?  I am quite thoroughly impressed good sir!" />
  <SlayObjective name="PurpleChicken" type="PurpleChicken" amount="1" region="" />
  <GoldReward min="6000" max="12000" />
  <MagicItems numtogive="5" numprops="10" minintensity="20" maxintensity="70" />
  <QuestRequirements canrepete="true" doallobjectives="true" delay="true" delaytime="60" />
</QuestDesign>