﻿<?xml version="1.0" encoding="utf-8"?>
<!--This is a quest save file for UoDevPro-->
<!--Created by UODevPro-->
<QuestDesign>
  <QuestTitle name="The Golden Sheep" />
  <QuestDescription name="I can't seem to find those things at all... I need to at least have someone kill a few for me.  I know they exist but everytime I look, it's like I'm missing something.  Do you think you could kill some golden sheep for me?  I will of course pay you handsomely for it." />
  <QuestRefuse name="Guess the golden sheep is out of my reach.  Good day." />
  <QuestUncomplete name="Well? Have you killed them all yet?" />
  <QuestComplete name="Thank you so much, here is your reward!" />
  <SlayObjective name="Golden Sheep" type="goldensheep" amount="15" region="" />
  <GoldReward min="2000" max="7000" />
  <MagicItems numtogive="3" numprops="8" minintensity="20" maxintensity="70" />
  <QuestRequirements canrepete="true" doallobjectives="true" delay="true" delaytime="60" />
</QuestDesign>